1,27,94,3,"Nostrum placeat facilis repellat et.
Vel assumenda nisi iure quos magni cum. Dolorem animi ipsa officiis fugit earum. Aliquam quam debitis ratione at natus.",2022-05-05
2,26,188,4,Veritatis distinctio dolor magnam voluptate vero incidunt. Optio corporis corporis vel nisi molestias dolorem.,2022-01-05
3,30,30,2,Incidunt iusto aperiam vero blanditiis voluptatem ullam. Officia quos est pariatur recusandae provident. Dolor porro voluptatum et harum vero possimus.,2022-08-10
4,70,10,3,Fuga assumenda unde illo. Temporibus veritatis provident harum facilis harum porro omnis.,2023-10-20
5,12,132,2,Porro sequi autem commodi magni rerum. Veritatis natus magnam totam. Maxime ipsam quasi.,2023-11-24
6,31,100,4,"Sapiente quam fuga eius dolorem dicta at. Eum quas eius ipsam optio. Id tenetur ipsum odit dignissimos.
Excepturi voluptatem est eius. Mollitia porro distinctio reprehenderit non officia.",2023-12-25
7,32,105,4,Ipsam voluptate eius doloremque quo quis sit. Provident architecto ut quidem. Voluptatibus animi perspiciatis explicabo asperiores animi sunt.,2022-02-05
8,76,38,4,"Porro eos optio earum. Eveniet quas dolorum porro porro.
Omnis laborum itaque neque ipsum. Dolorum impedit quo repellendus. Ullam odit nulla dolores. Aperiam a quidem aliquam enim quaerat.",2022-01-26
9,97,99,3,Iusto asperiores alias sequi nulla deleniti. Quo in architecto unde commodi.,2023-09-04
10,43,115,3,"Iure quia nihil beatae voluptates assumenda. Explicabo itaque quia. Eos dolores itaque nemo.
Fugit ullam deleniti. Incidunt eaque architecto nulla expedita pariatur.",2023-02-28
11,34,76,2,"Mollitia quidem libero quasi modi accusantium deserunt magnam.
Eligendi ab qui eum ducimus. Nostrum asperiores iste distinctio consequatur saepe.",2023-08-26
12,87,171,2,"Illum illo autem earum id.
Tempore dolore incidunt quo possimus. Ipsam tempore illo.",2021-11-06
13,21,63,5,Maiores praesentium a nostrum quis sit. Quidem omnis occaecati recusandae beatae. Officia atque quibusdam a ducimus aliquid natus totam.,2022-04-19
14,100,38,1,Porro debitis consequuntur sapiente tempora inventore quo. Id in expedita illo adipisci pariatur numquam. Quos hic voluptates ea unde id corrupti.,2022-06-17
15,16,180,4,"Quia nobis porro sapiente fugit consequuntur provident. Nihil accusantium harum porro hic.
Eaque reprehenderit facere earum voluptas.",2024-02-18
16,35,171,4,Facere aspernatur eos doloribus eum aut aut. Omnis aliquam sint nulla laborum ab sunt. Porro occaecati dignissimos temporibus dignissimos.,2022-03-18
17,96,64,2,"Quia nesciunt reiciendis enim laudantium. Aspernatur delectus ut ipsa in quod sequi.
Dolorum recusandae totam non enim quia debitis.",2022-08-09
18,79,128,1,"Officia impedit aut est. Porro ab dignissimos eligendi.
Sapiente veniam aperiam nulla quas ipsam. Reprehenderit esse sequi quam natus.",2024-10-10
19,41,114,5,Reprehenderit enim quidem laboriosam facere. Repudiandae aliquid sapiente placeat. Commodi praesentium voluptate commodi.,2023-05-25
20,39,118,5,"Ullam aperiam tempora cumque repellendus. Enim minima quo corrupti asperiores minima possimus.
Est voluptatibus neque sunt error eaque. Occaecati itaque animi.",2022-09-17
21,18,154,3,"Earum non beatae atque minima beatae. Cum vero nisi aut soluta. Non explicabo nam porro commodi deserunt.
Mollitia distinctio sequi sit id at.",2023-11-29
22,95,29,4,Ullam ullam pariatur. Incidunt reprehenderit quas eveniet sequi aliquid expedita. Laborum cupiditate saepe dolorum reiciendis.,2021-12-11
23,81,117,3,"At minus odit fuga. Perferendis doloremque esse mollitia vero. Molestias id quisquam delectus.
Commodi suscipit architecto vel suscipit voluptate. Quibusdam fugiat magnam incidunt maiores at.",2022-07-11
24,44,158,4,"Quo in dolorem officia recusandae nesciunt. Quas ipsum quibusdam consequuntur expedita eveniet fugit.
Natus amet porro iure. Amet vel perferendis impedit ratione asperiores modi.",2023-03-09
25,2,39,1,"Voluptatum perferendis aliquid tenetur delectus eos. Praesentium voluptates accusantium ratione.
Fuga odit nostrum corrupti dolore temporibus dolorum.",2021-12-12
26,69,102,1,Recusandae fugit recusandae veniam tempore. Alias esse repudiandae minima fugiat architecto. Dolor modi accusamus nihil architecto quo reiciendis.,2024-04-25
27,94,13,1,"Quisquam eligendi officiis illo et alias. Omnis voluptatum beatae quo tempore quaerat.
Molestias praesentium facilis. Molestias quam quod distinctio minus. Esse officia quis illo neque nam esse.",2023-06-07
28,40,119,5,"Dolores a aperiam quisquam itaque. Pariatur incidunt doloremque vel. Optio nobis aspernatur distinctio.
Possimus magni incidunt error. Impedit laboriosam esse.",2023-02-19
29,23,4,5,Quod vitae molestiae facere deleniti recusandae. Ipsam eius maxime dicta autem assumenda. Dolorum amet nobis placeat ratione pariatur iste veniam.,2024-07-08
30,61,196,4,Deleniti ullam debitis autem. Ad quaerat esse temporibus adipisci est assumenda quas. Porro excepturi magni distinctio dolore facere maxime.,2022-07-06
31,23,122,3,"Nisi harum quas iusto explicabo. Illum quos dolorum sed.
Dicta modi rem enim architecto. Quam nostrum maxime beatae officia.",2024-05-03
32,11,65,1,Iure molestiae delectus voluptates alias dolore optio. Deserunt necessitatibus ipsum mollitia nihil ex repellat. Et temporibus ex nemo sapiente.,2023-07-09
33,2,155,2,"Nemo natus a numquam. Rem sequi incidunt itaque incidunt. Possimus porro similique qui accusantium.
Totam blanditiis non provident eaque facere ipsa. Necessitatibus optio cupiditate laudantium.",2022-01-14
34,91,151,4,Molestiae iusto suscipit deleniti totam culpa repudiandae. Explicabo ipsa vero alias. Adipisci quibusdam delectus exercitationem amet.,2021-12-23
35,40,189,5,Sapiente soluta illum ipsam natus. Animi sapiente voluptas sequi cum explicabo.,2024-04-03
36,91,97,2,"Quis cum vitae nesciunt qui sit.
Fugit soluta et amet tempore. Nihil facilis numquam officia nisi. Iusto in minus similique quidem.",2024-01-03
37,17,72,4,"Ratione repellendus harum expedita nisi accusantium quos. Ratione officiis aperiam facere officiis deleniti rerum mollitia.
Expedita dolorum sapiente perferendis. Labore amet dolorum hic.",2024-03-12
38,92,53,1,Tempora mollitia iste quibusdam expedita. Blanditiis laboriosam voluptas accusamus laboriosam explicabo aliquid. Incidunt nobis eaque est labore tenetur sit.,2022-03-10
39,94,121,2,"Non dignissimos vero alias.
Beatae facere atque quibusdam explicabo velit. Totam necessitatibus fuga similique odit. Libero ut error hic mollitia blanditiis facere sunt.",2023-07-15
40,98,52,2,Molestiae et necessitatibus eos assumenda. Laudantium quam dolores amet minus sequi dolorum.,2023-05-04
41,1,88,1,Modi doloremque atque atque assumenda quo. Dicta distinctio nulla optio molestias. Repudiandae a ipsum placeat perferendis odit.,2024-02-29
42,4,88,1,"Tenetur dolor illum nobis. Earum fuga aliquam laudantium dicta.
Delectus maiores eligendi molestias necessitatibus quia ea. Repellat quo vero iure nihil.",2022-12-24
43,5,20,3,Recusandae voluptates minima voluptatum minus debitis quos. Assumenda nihil alias quam. Reiciendis eius numquam at. Expedita cumque soluta praesentium laborum amet.,2022-09-12
44,11,176,1,Praesentium reprehenderit aliquid reprehenderit magni. Qui minima repellat harum dolorum atque.,2022-04-30
45,93,58,5,"Corrupti dolorum neque. Aspernatur minima sequi hic. Nulla cupiditate consequuntur aliquam sequi atque.
Expedita accusamus sed. Sunt eveniet voluptates facere numquam dignissimos vel reiciendis.",2024-06-21
46,65,178,3,Minus eos atque occaecati animi. Harum atque culpa repellat. Libero dolores deleniti voluptatem incidunt beatae tempora aut.,2022-12-23
47,63,27,4,"Hic incidunt velit recusandae repudiandae facilis hic. Est reiciendis reprehenderit. Nisi minima deleniti cumque distinctio totam.
Corporis quos deserunt ut impedit odio.",2022-03-17
48,37,196,4,Aut cupiditate odio commodi accusamus iste non id. Temporibus iusto corporis quaerat. Non assumenda beatae distinctio ipsam.,2022-04-04
49,93,162,3,"Ratione nihil illo quidem. Ipsum unde maxime neque sunt tempora suscipit.
Mollitia perferendis sunt voluptate eligendi. Fugiat omnis in soluta assumenda quam dicta.",2023-07-18
50,86,173,4,Dolorem mollitia sed sunt sint ut laborum excepturi. Consectetur excepturi magnam dolorum eum ipsum.,2024-02-01
51,58,101,5,"Sequi earum est consequatur magni voluptatibus ullam. Nam occaecati eos assumenda reprehenderit.
Quos incidunt voluptatem nisi cum. Nam veniam eaque consequatur. Fugiat fugit quibusdam quae commodi.",2022-09-17
52,7,78,3,Ipsam error impedit in neque. Perferendis mollitia alias molestias praesentium repellat. Esse quae dolores assumenda nemo.,2023-05-06
53,38,89,3,Magni ut voluptatum quod fuga suscipit. Doloremque unde nisi possimus natus aspernatur soluta.,2024-06-01
54,1,66,5,Alias officia voluptates natus voluptas quod accusantium. Ab porro sunt labore autem explicabo fuga. Doloribus excepturi itaque consequuntur pariatur aliquid minima aspernatur.,2022-08-13
55,97,123,3,Aliquid repellendus veniam provident impedit accusantium quod. Non illo sit voluptates consectetur. Sequi rem dolorum eligendi. Commodi corporis officia dignissimos iusto veniam fugiat.,2023-05-08
56,60,199,4,"Quos delectus voluptatibus aperiam. Odio rerum suscipit harum. Maiores facere at laboriosam sed.
Quibusdam quia occaecati. Totam qui soluta libero saepe. Non assumenda expedita fugit.",2023-05-21
57,55,77,3,"Dolores aspernatur animi modi repellat consequuntur. Nihil dolorem ullam odit.
Quo illum aliquam pariatur qui. Culpa eos esse id culpa deleniti. Ad quaerat repudiandae harum quidem.",2023-06-13
58,66,138,2,Facilis nulla ex eius eaque rem modi. Doloremque voluptatibus tempore blanditiis. Minus architecto quasi ex ab repudiandae.,2022-10-03
59,30,14,1,Itaque fugit ipsam praesentium inventore ea. Sit hic temporibus doloribus doloremque consequuntur.,2024-10-25
60,57,121,3,"A laudantium sequi minus. Magni unde inventore nisi laudantium sapiente laudantium.
Vel repudiandae earum.
Consequuntur quam in. Odit dolor incidunt facere facere quae. Laborum ipsam sunt a deserunt.",2023-08-04
61,100,100,5,Deserunt nobis explicabo. Labore quaerat vel delectus nulla deserunt. Aut similique iure dignissimos.,2022-02-14
62,41,149,5,Modi veniam odio ipsam saepe unde et. Soluta esse reprehenderit. Ab voluptatum ut quod numquam recusandae.,2023-11-11
63,14,29,2,Vitae earum officiis magnam tenetur magnam consequatur. Inventore laboriosam necessitatibus architecto dicta quaerat.,2024-07-08
64,34,56,5,Tenetur reiciendis in ab maxime vel illo vero. Veniam nihil assumenda commodi illum odio consectetur. A ullam tenetur.,2023-09-26
65,3,79,4,Expedita incidunt eligendi nulla eveniet quos. Vero occaecati quaerat commodi reprehenderit nostrum cumque nesciunt.,2022-10-06
66,73,84,1,Neque commodi nobis doloribus laborum voluptate vel. Porro aliquam qui iste. Enim illum quasi delectus dolor magnam.,2023-09-20
67,41,21,2,"Corrupti earum debitis commodi illum. Optio labore a quas totam.
Praesentium ducimus nesciunt cumque illum itaque possimus. Eius pariatur deleniti fuga.",2023-04-04
68,14,35,5,Repudiandae temporibus corrupti corporis animi. Nulla totam magni eaque molestiae sint officiis. Mollitia expedita nam illum.,2022-07-25
69,44,150,1,Ad quas occaecati commodi sapiente pariatur adipisci. Adipisci mollitia corrupti voluptatem aut. Corrupti repellat velit repellendus culpa.,2022-02-08
70,6,118,2,"Officiis fugiat nam architecto totam. Nostrum hic numquam quas minima accusantium.
Molestias quaerat deserunt ex quos tempora voluptatem. Consequatur eius fuga dolores.",2024-03-26
71,87,124,3,Quas ut alias vero pariatur accusantium. Mollitia eligendi eaque necessitatibus nostrum exercitationem.,2024-07-27
72,85,15,1,Nobis quisquam doloribus ipsum sed pariatur. Ratione optio mollitia vero illo. Dolorum soluta officia placeat non eos.,2021-11-29
73,35,64,4,"Itaque numquam optio aut atque totam aut sunt.
Quae cum dolorum ut veniam. Omnis quae dolorem voluptatem modi.",2022-01-28
74,77,186,1,Laboriosam similique rem deserunt corporis sit sequi. Totam itaque eaque aliquam.,2022-02-22
75,27,194,2,Tempora id consequatur accusantium ipsa. Vero occaecati error dicta unde illum pariatur.,2022-03-19
76,96,7,3,"Itaque nulla nam magnam sint officiis delectus. Similique inventore impedit magnam ab maiores.
Id accusantium tenetur.",2022-05-17
77,94,22,4,"Voluptate hic laboriosam quam quo. Alias illum velit fugit.
Beatae cupiditate illo expedita odit. A architecto soluta ipsam molestiae. Dicta sit quos ea corporis.",2023-12-03
78,48,17,3,"Doloribus perferendis deleniti fugit ut libero. Autem optio pariatur fugiat voluptatem.
A facilis sint sapiente repellat nulla ratione. Fugit commodi dolorum voluptate quae.",2023-03-04
79,30,118,5,"Aut magni adipisci fugit. Non numquam voluptatibus odio praesentium ducimus rem libero.
Ut dignissimos illo praesentium consequuntur quidem commodi. Reprehenderit nostrum suscipit.",2023-01-01
80,75,117,4,Voluptates dicta quisquam id ducimus tempora cupiditate doloribus. Velit similique eligendi. Iure eum magni quod illum mollitia doloremque.,2022-01-20
81,55,88,3,Eveniet dignissimos culpa blanditiis perferendis eius doloribus neque. Quos mollitia explicabo id enim reiciendis quidem. Quo maxime doloremque veniam. Laboriosam sunt officiis ullam nostrum.,2023-04-09
82,21,30,4,Ab nam ab eaque. Itaque tenetur esse eligendi unde. Beatae pariatur accusamus perferendis officia molestiae. Rerum dicta quisquam deserunt.,2022-07-29
83,6,119,1,"Eius officiis quam quas. Commodi tempora aliquam repellat.
Blanditiis optio itaque temporibus doloremque nobis consectetur. Doloremque expedita distinctio fuga laborum expedita.",2024-04-09
84,95,184,1,"Nemo fugiat sint officia fuga. Dicta adipisci saepe quae deleniti veniam.
Aut quam veniam voluptatem laudantium. Atque possimus ut sint odio ipsum.",2022-02-27
85,79,26,2,Placeat dolore magnam veniam sint dolore ipsa. Nemo nemo ut debitis architecto distinctio. Distinctio quam ipsum impedit.,2023-10-21
86,38,114,5,Ipsa sed nemo. Dignissimos incidunt eos tempora nemo deleniti laudantium voluptatibus. Veritatis dolorum animi blanditiis perspiciatis.,2023-01-20
87,28,6,5,"Consequuntur ratione soluta ab. Quod quam debitis iusto ipsum. Explicabo quis esse.
Omnis cum commodi. Minus unde numquam magnam numquam.",2024-09-03
88,96,156,1,"Atque commodi eum velit distinctio harum ipsam. Sunt iste quasi magni illo. Voluptates laudantium pariatur vel et aspernatur.
Aperiam pariatur iusto blanditiis. Odio minima aperiam aliquam error.",2022-02-13
89,14,157,1,Ipsa magni odit iusto quod iusto id. Expedita quasi quidem consequuntur nostrum libero aspernatur.,2024-06-07
90,26,19,4,"Reprehenderit alias ad distinctio quod ipsam aspernatur. Temporibus laboriosam neque est sunt. Delectus possimus ab.
Facere fugiat consequuntur culpa iure. Non fugit amet.",2022-09-10
91,76,17,1,"Vitae doloribus ad ipsum ut. Quasi ipsum beatae facere. Animi assumenda minus esse.
Sunt officiis laborum libero sed.
Saepe non ratione minima deserunt sunt deleniti atque. Aliquid eius voluptates.",2022-09-01
92,88,186,3,"Harum esse at. Nihil quisquam unde mollitia aliquid itaque quo consequatur.
Placeat beatae voluptates fuga sed qui. Unde voluptates modi similique maxime porro sequi aut.",2022-07-31
93,80,117,3,"Fuga at consequuntur nam.
Et nihil iste ullam ducimus doloribus. Mollitia eaque praesentium illo provident dolores facilis. Quidem ut dolorem minus.",2022-01-22
94,76,144,1,Non iusto minima debitis minus iure. Eius similique unde voluptates officiis autem. Perspiciatis voluptates dignissimos non.,2023-06-07
95,60,192,1,"Modi mollitia temporibus voluptas reiciendis accusantium. Est recusandae nam quisquam.
Atque nihil quos ducimus voluptas necessitatibus. Debitis explicabo commodi dolore.",2023-01-22
96,6,175,1,Quis illo ratione consequuntur quisquam iusto quaerat commodi. Laboriosam similique exercitationem quia maiores iusto.,2024-02-22
97,96,73,4,"Quam modi ex sit.
Maiores iure corrupti corporis quos. Odit veritatis exercitationem repellendus unde.",2021-11-08
98,80,143,5,Fugiat saepe ipsa in alias sequi recusandae. Explicabo facilis amet. Id molestias at deleniti minus accusantium eveniet assumenda.,2022-05-28
99,29,146,2,Animi inventore amet repudiandae omnis ducimus. Doloribus quia officiis sunt. Dolore debitis iste. Tempore veritatis modi quasi id fuga.,2021-11-22
100,44,139,5,Dignissimos tempore perspiciatis veniam omnis harum. Eius placeat voluptatem ex facilis repellendus. Rerum eius corporis iste consequuntur laboriosam illum.,2024-03-27
