1,Error cum animi.,"Recusandae similique quo id ipsam temporibus. Delectus ipsum neque esse.
Aut voluptates sequi animi.",Zaawansowane
2,Nobis nam cupiditate perspiciatis.,Recusandae dolore fuga vitae at asperiores repellat. Officiis qui pariatur quisquam explicabo. Optio perspiciatis atque placeat fugit esse.,Inne
3,Sit a quidem fugit.,Nihil similique vitae ipsum. Quas repellat tempora consequuntur facilis aspernatur. Pariatur hic repudiandae sapiente.,Inne
4,Sequi repellendus cum quam cum.,Modi cumque cum. Vel similique adipisci aliquid fugiat magni autem.,Podstawy
5,Qui nemo id commodi asperiores.,Eos voluptatem repudiandae minus. Vero quod reprehenderit sequi eos id eius.,Podstawy
6,Sit nemo tempora expedita.,Natus modi occaecati dignissimos deleniti culpa atque. Ad sequi fugiat. Minima ducimus deserunt esse quidem perspiciatis.,Inne
7,Illo quaerat sapiente libero iure.,Tenetur rem sunt voluptas explicabo totam libero. Optio veniam corrupti adipisci et exercitationem facilis.,Specjalistyczne
8,Minus hic esse.,Tempore tempora consequatur sunt. Officiis enim accusantium minus qui labore. Cumque commodi animi incidunt veniam quae atque repudiandae.,Specjalistyczne
9,Dolorem laborum atque.,Nisi deleniti aspernatur. Magnam commodi facilis.,Specjalistyczne
10,Laboriosam cumque non.,"Nesciunt sed quia minima laboriosam ipsum.
Necessitatibus corrupti maxime optio occaecati possimus ab. Eaque quisquam tempora.",Ogólne
11,Saepe quis quidem occaecati.,Vel ipsum maxime molestiae excepturi rem. Tempore quisquam ex deleniti nobis placeat. Ad maiores quis.,Podstawy
12,Harum quos tempore atque.,Rem accusamus quis aperiam ex natus. Repudiandae repudiandae soluta. Expedita blanditiis porro iste accusamus.,Inne
13,Aut expedita culpa quos cum.,Necessitatibus explicabo doloremque a labore quod. Ut accusamus molestias dicta fugiat.,Specjalistyczne
14,Vero dignissimos ullam harum vel.,"Dolores totam doloribus eveniet. Nihil velit ipsa.
Quos minus ullam et laboriosam. At est ab omnis.",Zaawansowane
15,Iste modi rerum officia.,"Asperiores natus minima ratione.
Error corrupti dolor impedit rem hic et. Explicabo asperiores incidunt ad beatae doloremque aut.",Specjalistyczne
16,Doloribus qui asperiores atque.,Totam mollitia nihil quasi. Eveniet odit possimus dignissimos corrupti minus vero.,Ogólne
17,Assumenda alias dolor molestiae.,Quasi nobis atque aspernatur hic quaerat modi. Ad hic dolor incidunt. Soluta ducimus excepturi quam maiores unde repellat.,Podstawy
18,Expedita nobis veritatis magni.,Tempora at cum fugit eaque blanditiis. Aliquam aliquam nam accusamus at optio quas. Et in atque soluta reiciendis laborum eligendi.,Zaawansowane
19,Pariatur mollitia sit laudantium.,Excepturi maxime cupiditate voluptatem. Maxime aspernatur amet atque.,Specjalistyczne
20,Quidem assumenda nostrum nulla.,Ipsam possimus recusandae autem provident omnis. Molestiae temporibus sed accusantium ullam expedita animi. Alias non voluptatum sit consectetur est.,Ogólne
21,Aut rem itaque deserunt.,Incidunt at beatae velit iusto praesentium. Laboriosam debitis aliquid veniam deserunt.,Ogólne
22,Consequatur quia esse at.,"Nam quasi velit quisquam possimus. Laboriosam repellendus atque ex. Quibusdam ducimus placeat voluptates.
Ratione nam iure quasi eligendi ab vitae.",Zaawansowane
23,Nobis nihil veniam excepturi.,Nam in deleniti dicta. Deserunt sequi quam temporibus velit odit eius neque. Porro suscipit iste recusandae sint nihil dolores.,Specjalistyczne
24,Ratione voluptatem nemo.,Autem labore voluptatem illum veritatis. Ratione quo odio quod tempora.,Zaawansowane
25,Totam hic optio sed.,Ducimus enim quos consequatur laboriosam qui. Recusandae at quas quod occaecati. Officiis quisquam commodi. Labore voluptates recusandae.,Inne
26,Vel quaerat amet omnis.,Totam atque occaecati perferendis repellendus alias nesciunt illo. Sunt animi quisquam voluptas ipsam ex sapiente saepe.,Ogólne
27,Saepe maxime nisi corporis quasi.,Aspernatur cupiditate esse assumenda quia nam. Molestiae dicta modi ad blanditiis ea qui quam. Quis esse animi neque delectus eligendi.,Specjalistyczne
28,Eum ad ex natus.,Tempore facilis omnis ut alias consequuntur. Excepturi nihil explicabo sed.,Inne
29,Ab possimus fugiat laborum.,Voluptate minima at nostrum consectetur unde. Fugit perferendis molestias ratione velit porro ab. Maxime suscipit reprehenderit veniam doloremque.,Specjalistyczne
30,Saepe culpa numquam.,Ex modi excepturi perspiciatis dignissimos ex enim. Harum molestiae error commodi.,Zaawansowane
31,Sit distinctio tenetur.,Debitis aspernatur incidunt beatae officiis. Quo voluptatem perspiciatis. Dolorem illo similique quae doloribus.,Inne
32,Vel sint porro animi.,Voluptas ea quibusdam ducimus occaecati aut in.,Ogólne
33,Id alias optio numquam laborum.,Quae porro odio sint nisi quis iure. Eligendi earum quam nesciunt earum expedita iste.,Specjalistyczne
34,Quo quidem autem dicta.,Eligendi reiciendis ullam alias dolorem maxime voluptatibus ad. Sed exercitationem eaque nobis. Eveniet velit ullam rerum id aliquam ratione.,Specjalistyczne
35,Voluptatibus expedita illo sequi.,Qui reprehenderit nulla inventore iste nihil maiores. At ipsam unde voluptate aut repellat quo.,Zaawansowane
36,Unde esse suscipit ullam.,Repudiandae vero quos quos distinctio quasi a. Velit sunt aut explicabo.,Specjalistyczne
37,Itaque minus ab.,Ratione reiciendis neque et officiis. Possimus fuga nesciunt asperiores corrupti quisquam natus. Reprehenderit eos magnam.,Ogólne
38,Provident voluptatum totam sit.,Alias dolor sed eveniet pariatur. Dolor nam distinctio inventore vel similique. Velit natus iusto facere. Ipsum esse modi cum nam.,Ogólne
39,Facilis a a assumenda itaque.,Impedit nisi a tenetur. Quam facilis enim non modi. Veritatis doloremque velit aliquid repudiandae.,Inne
40,Officia illum ullam accusamus.,Corrupti dolorum magnam necessitatibus harum quia odio blanditiis. Aut doloribus vitae. Architecto consequuntur temporibus ea eaque earum sed.,Inne
41,Sit quasi natus.,Facilis ipsam impedit mollitia pariatur et tempora. Perspiciatis corrupti iure amet fugit repudiandae adipisci dolores.,Podstawy
42,Distinctio commodi beatae nisi.,Impedit voluptatem quam corrupti deleniti aperiam sunt. Impedit consequuntur incidunt odit assumenda magnam.,Podstawy
43,In temporibus natus eum.,Laborum facere atque labore unde cupiditate. Corrupti ex maiores optio sed. Tenetur quod numquam aliquid rem.,Ogólne
44,Error accusantium hic.,Quod autem aliquam sunt unde aliquid. Necessitatibus animi unde. Sit beatae nobis hic assumenda voluptates.,Inne
45,Eius placeat et explicabo.,"Numquam placeat doloribus ipsam. Iusto explicabo expedita placeat. Non perferendis et error.
Aperiam pariatur quis. Saepe dicta perspiciatis maiores.",Ogólne
46,Ex perferendis culpa fuga.,Perferendis accusamus fugit facere quasi laboriosam molestiae nam. Natus autem occaecati debitis. Dolore labore consequuntur nesciunt.,Podstawy
47,Praesentium ipsam tempore quis.,Dolorem mollitia magni veniam. Nemo dicta explicabo atque deleniti cumque. Perspiciatis quibusdam molestiae.,Inne
48,Sed eum itaque.,Suscipit molestiae beatae dolorum perferendis. Vero tenetur aliquam. Aliquam placeat perferendis repellat tempora voluptatibus.,Zaawansowane
49,Quas a minus autem totam veniam.,Hic perferendis tempora. Culpa blanditiis perferendis. Nam totam voluptates id a eligendi.,Podstawy
50,Recusandae facilis neque.,Quaerat dolorum veniam atque dolor. Totam explicabo impedit modi placeat blanditiis assumenda.,Zaawansowane
51,Accusantium natus sint minus.,Culpa voluptas similique ipsam nobis molestiae maiores illo. Consectetur recusandae rerum atque corporis nihil id.,Specjalistyczne
52,Earum earum error itaque odio.,Earum nihil atque totam tenetur fugiat. Dolorum at eius officia pariatur. Repudiandae eum ipsum quod alias ab.,Zaawansowane
53,Sint explicabo corporis dolore.,Error non ullam ut mollitia. Consequatur deserunt libero dignissimos voluptate. Fuga quisquam aliquid minima vel occaecati labore iusto.,Ogólne
54,At consequatur aliquid.,Fugit in saepe repudiandae eius aliquam. Voluptatibus atque consequatur quia.,Ogólne
55,Asperiores quisquam ut eius.,Perspiciatis itaque vero mollitia aut saepe. Vel accusamus placeat ut quod repellendus.,Podstawy
56,Sequi odio neque at culpa.,Voluptatem provident iure architecto earum ducimus. Consectetur deleniti placeat voluptatum beatae unde.,Podstawy
57,Consequuntur eligendi fuga eos.,Quod accusamus quibusdam quasi sed facere. Quod fugit aperiam dolore odio ipsum consequuntur.,Ogólne
58,Soluta sunt repellendus ipsam.,"Quam ullam nostrum vel. Voluptatibus iure enim nam. Voluptatibus molestiae veniam unde.
Nisi accusamus deleniti. Quo temporibus quasi est.",Specjalistyczne
59,Accusantium doloribus asperiores.,Aperiam nisi veritatis voluptates porro necessitatibus aliquid. Quas dicta pariatur ipsam esse reiciendis. Vitae nemo qui odit.,Specjalistyczne
60,Ipsam minima dignissimos odio.,"Magni commodi fugit et accusamus est ad.
Quis corporis impedit distinctio adipisci sunt. Nisi nobis in illo porro.",Ogólne
61,Veritatis quos numquam.,"Autem unde repellendus in eos iusto. Optio ipsum temporibus neque.
Sed veniam alias laborum. Blanditiis quisquam in tenetur repellendus sit.",Specjalistyczne
62,Nemo repudiandae laboriosam.,Beatae expedita eum velit odio voluptates. Architecto suscipit tempore libero temporibus iste.,Specjalistyczne
63,Qui reprehenderit quam.,Laboriosam qui sed neque tempora molestias ullam. Molestiae ducimus excepturi magni.,Inne
64,Reiciendis vel possimus aliquid.,Autem doloribus voluptatum reprehenderit consequatur. Suscipit nobis excepturi reiciendis corrupti beatae.,Specjalistyczne
65,Dolorem sunt doloribus quis.,Doloribus suscipit in quia voluptas. Corporis eligendi iusto architecto quidem. Veritatis facere enim iste.,Podstawy
66,Ipsam minima delectus nisi.,Nostrum dolores voluptatibus cum nostrum reprehenderit. Officiis mollitia ut voluptatem numquam.,Zaawansowane
67,Perferendis excepturi nam.,Quo corrupti blanditiis reprehenderit ex quaerat eius id. Cupiditate eum placeat illo rem recusandae.,Specjalistyczne
68,Velit consequuntur nam.,Quod sapiente laboriosam aliquam pariatur. Qui sequi consectetur provident. Earum laudantium assumenda non.,Inne
69,Ullam quaerat corporis corporis.,Excepturi fugit architecto cumque iure nobis. Nostrum assumenda quaerat dignissimos temporibus voluptate mollitia. Accusantium quasi eos eius.,Specjalistyczne
70,Eveniet nisi ea dolorum nihil.,Praesentium sequi libero maiores quasi sit. Molestiae quod quibusdam perspiciatis eaque quae corporis quod.,Ogólne
71,Similique eum ullam quos ab.,Sequi mollitia non voluptatum. Consequuntur necessitatibus fugit necessitatibus delectus. Odit corporis non error explicabo itaque iusto.,Ogólne
72,Voluptate illum dolores saepe.,Mollitia harum at voluptate. Molestias incidunt consequuntur beatae pariatur.,Specjalistyczne
73,Eius tempora enim.,In aliquam tempore dolorem. Quod error error illum repellendus. Quis officia necessitatibus fugiat ut temporibus maxime exercitationem.,Ogólne
74,Aperiam impedit nihil repellendus.,Aliquam voluptatibus libero blanditiis odit temporibus cum minima. Aspernatur rerum ullam.,Zaawansowane
75,Officia impedit debitis fugiat ex.,Temporibus error ut quod architecto fugit beatae. Excepturi reprehenderit mollitia ea tenetur. Nihil eos ratione.,Zaawansowane
76,Magni fugiat et corporis natus.,Accusantium repellendus magni totam sequi aliquam. Minus dolorum itaque quo aspernatur non.,Inne
77,Labore animi maxime eos.,Veritatis dolore corrupti. Sint quasi ea dignissimos inventore expedita vel.,Specjalistyczne
78,Animi vitae dolore cupiditate.,Cupiditate vel totam vero. Vitae totam doloribus dolores.,Ogólne
79,Commodi quos iste reiciendis.,Voluptas ea labore impedit nulla modi doloribus. Rem consequatur cumque ducimus. Facere deserunt quos.,Ogólne
80,Ipsam vel veniam sed provident.,Nihil nobis necessitatibus aut eveniet amet provident. Expedita voluptatem illum natus nam numquam nam.,Ogólne
81,Culpa illo a dolores.,Velit explicabo alias dicta harum incidunt provident. Ad odit reprehenderit quas neque aperiam. Assumenda assumenda cumque molestias aperiam dolores.,Podstawy
82,Aut debitis amet neque.,Quaerat assumenda suscipit nihil ad minima. Aut occaecati ad.,Specjalistyczne
83,Quod facere rem aut.,Quis odio cupiditate aperiam. Laudantium voluptatibus fuga labore. Explicabo sint qui iusto qui.,Ogólne
84,Sint esse dicta voluptates.,Incidunt iusto earum ipsum magni magni. Culpa id explicabo fuga sed delectus nulla. Alias debitis pariatur iure.,Podstawy
85,Maiores in sapiente cum.,"Dolore debitis voluptas. Illum recusandae vero natus magni nostrum ullam.
Fugiat enim fuga quisquam quisquam totam. Neque quasi itaque id placeat.",Inne
86,Atque esse minus asperiores.,Ullam esse voluptates iusto. Eum tempora doloribus nobis optio. Dolorem delectus corporis consequatur neque.,Ogólne
87,Pariatur aut tempore quod.,Repellat optio neque. Dolorum dolorum commodi animi maiores molestias eum quibusdam.,Inne
88,Facilis culpa modi.,Dicta magnam corporis consequuntur repudiandae. Eum perferendis repellendus pariatur. Facere dolorum expedita soluta est debitis quae necessitatibus.,Podstawy
89,Voluptas sequi quidem vel.,Nam atque consequuntur distinctio.,Inne
90,Adipisci excepturi cupiditate.,"Vero sed sed.
Modi placeat ex reiciendis officia veniam et. Quia sint itaque a atque itaque adipisci. Dolorem illum quae aut culpa labore.",Podstawy
91,Fugiat fugiat dolores voluptas.,Modi ad sapiente dicta eaque architecto minus. Dolor autem magni non laborum eaque.,Podstawy
92,Deserunt pariatur magni.,Quis minus ipsa. Commodi odio consectetur ut accusamus id facere.,Ogólne
93,Aspernatur dignissimos libero ab.,"Ea suscipit ex vitae consequatur aliquid omnis dolorem.
Odio odit esse nam facilis laboriosam tempora. Veniam sapiente quo laudantium.",Zaawansowane
94,Corporis possimus ipsa fugiat.,Dolores assumenda vero placeat optio pariatur odio. Nemo facilis placeat harum ratione. Inventore sint at quisquam voluptatem sed iure.,Ogólne
95,Iste dolorem occaecati molestias.,Autem tempore nulla omnis vitae quidem. Dolor necessitatibus officiis animi. Dolorum assumenda qui possimus laudantium.,Specjalistyczne
96,Qui veniam et quibusdam.,Dicta odio error officiis impedit sed dolorem. Voluptatibus quisquam iste odio accusamus.,Specjalistyczne
97,Dolore placeat ipsa.,Molestias nisi rem molestias nam occaecati. Voluptate deleniti sapiente natus placeat repellendus magnam.,Ogólne
98,Quas et possimus numquam nobis.,Error aperiam omnis occaecati. Corrupti sed a iste illum. Vitae facilis quaerat nostrum necessitatibus quas.,Inne
99,Saepe esse voluptate sit.,Expedita repellendus similique quas. Cupiditate tempore omnis doloribus culpa tempora adipisci aut.,Zaawansowane
100,Ex quidem quibusdam.,Commodi optio doloremque explicabo deleniti.,Ogólne
